sample	unit	lib	platform	fq1	fq2	bam
PI028	AHVF57DSXY.4	UD261	ILLUMINA	../data/fastq_raw/P19606_101_S66_L004_R1_001.fastq.gz	../data/fastq_raw/P19606_101_S66_L004_R2_001.fastq.gz	results/mapping/bams/PI028.ilPolIcar1.1.vg.paired.rmdup.clip.bam
PI029	AHVF57DSXY.4	UD262	ILLUMINA	../data/fastq_raw/P19606_102_S67_L004_R1_001.fastq.gz	../data/fastq_raw/P19606_102_S67_L004_R2_001.fastq.gz	results/mapping/bams/PI029.ilPolIcar1.1.vg.paired.rmdup.clip.bam
PI030	AHVF57DSXY.4	UD263	ILLUMINA	../data/fastq_raw/P19606_103_S68_L004_R1_001.fastq.gz	../data/fastq_raw/P19606_103_S68_L004_R2_001.fastq.gz	results/mapping/bams/PI030.ilPolIcar1.1.vg.paired.rmdup.clip.bam
PI031	AHVF57DSXY.4	UD264	ILLUMINA	../data/fastq_raw/P19606_104_S69_L004_R1_001.fastq.gz	../data/fastq_raw/P19606_104_S69_L004_R2_001.fastq.gz	results/mapping/bams/PI031.ilPolIcar1.1.vg.paired.rmdup.clip.bam
PI032	AHVF57DSXY.4	UD265	ILLUMINA	../data/fastq_raw/P19606_105_S70_L004_R1_001.fastq.gz	../data/fastq_raw/P19606_105_S70_L004_R2_001.fastq.gz	results/mapping/bams/PI032.ilPolIcar1.1.vg.paired.rmdup.clip.bam
PI033	AHVF57DSXY.4	UD266	ILLUMINA	../data/fastq_raw/P19606_106_S71_L004_R1_001.fastq.gz	../data/fastq_raw/P19606_106_S71_L004_R2_001.fastq.gz	results/mapping/bams/PI033.ilPolIcar1.1.vg.paired.rmdup.clip.bam
PI034	AHVF57DSXY.4	UD267	ILLUMINA	../data/fastq_raw/P19606_107_S72_L004_R1_001.fastq.gz	../data/fastq_raw/P19606_107_S72_L004_R2_001.fastq.gz	results/mapping/bams/PI034.ilPolIcar1.1.vg.paired.rmdup.clip.bam
PI035	AHVF57DSXY.4	UD268	ILLUMINA	../data/fastq_raw/P19606_108_S73_L004_R1_001.fastq.gz	../data/fastq_raw/P19606_108_S73_L004_R2_001.fastq.gz	results/mapping/bams/PI035.ilPolIcar1.1.vg.paired.rmdup.clip.bam
PI036	AHVF57DSXY.4	UD269	ILLUMINA	../data/fastq_raw/P19606_109_S74_L004_R1_001.fastq.gz	../data/fastq_raw/P19606_109_S74_L004_R2_001.fastq.gz	results/mapping/bams/PI036.ilPolIcar1.1.vg.paired.rmdup.clip.bam
PI200	AHVF57DSXY.4	UD279	ILLUMINA	../data/fastq_raw/P19606_119_S84_L004_R1_001.fastq.gz	../data/fastq_raw/P19606_119_S84_L004_R2_001.fastq.gz	results/mapping/bams/PI200.ilPolIcar1.1.vg.paired.rmdup.clip.bam
PI201	AHVF57DSXY.4	UD280	ILLUMINA	../data/fastq_raw/P19606_120_S85_L004_R1_001.fastq.gz	../data/fastq_raw/P19606_120_S85_L004_R2_001.fastq.gz	results/mapping/bams/PI201.ilPolIcar1.1.vg.paired.rmdup.clip.bam
PI202	AHVF57DSXY.4	UD281	ILLUMINA	../data/fastq_raw/P19606_121_S86_L004_R1_001.fastq.gz	../data/fastq_raw/P19606_121_S86_L004_R2_001.fastq.gz	results/mapping/bams/PI202.ilPolIcar1.1.vg.paired.rmdup.clip.bam
PI203	AHVF57DSXY.4	UD282	ILLUMINA	../data/fastq_raw/P19606_122_S87_L004_R1_001.fastq.gz	../data/fastq_raw/P19606_122_S87_L004_R2_001.fastq.gz	results/mapping/bams/PI203.ilPolIcar1.1.vg.paired.rmdup.clip.bam
PI204	AHVF57DSXY.4	UD283	ILLUMINA	../data/fastq_raw/P19606_123_S88_L004_R1_001.fastq.gz	../data/fastq_raw/P19606_123_S88_L004_R2_001.fastq.gz	results/mapping/bams/PI204.ilPolIcar1.1.vg.paired.rmdup.clip.bam
PI205	AHVF57DSXY.4	UD284	ILLUMINA	../data/fastq_raw/P19606_124_S89_L004_R1_001.fastq.gz	../data/fastq_raw/P19606_124_S89_L004_R2_001.fastq.gz	results/mapping/bams/PI205.ilPolIcar1.1.vg.paired.rmdup.clip.bam
PI206	AHVF57DSXY.4	UD285	ILLUMINA	../data/fastq_raw/P19606_125_S90_L004_R1_001.fastq.gz	../data/fastq_raw/P19606_125_S90_L004_R2_001.fastq.gz	results/mapping/bams/PI206.ilPolIcar1.1.vg.paired.rmdup.clip.bam
PI207	AHVF57DSXY.4	UD286	ILLUMINA	../data/fastq_raw/P19606_126_S91_L004_R1_001.fastq.gz	../data/fastq_raw/P19606_126_S91_L004_R2_001.fastq.gz	results/mapping/bams/PI207.ilPolIcar1.1.vg.paired.rmdup.clip.bam
PI208	AHVF57DSXY.4	UD287	ILLUMINA	../data/fastq_raw/P19606_127_S92_L004_R1_001.fastq.gz	../data/fastq_raw/P19606_127_S92_L004_R2_001.fastq.gz	results/mapping/bams/PI208.ilPolIcar1.1.vg.paired.rmdup.clip.bam
PI413	AHW3HFDSXY.2	UD250	ILLUMINA	../data/fastq_raw/P19606_329_S20_L002_R1_001.fastq.gz	../data/fastq_raw/P19606_329_S20_L002_R2_001.fastq.gz	results/mapping/bams/PI413.ilPolIcar1.1.vg.paired.rmdup.clip.bam
PI414	AHW3HFDSXY.2	UD251	ILLUMINA	../data/fastq_raw/P19606_330_S21_L002_R1_001.fastq.gz	../data/fastq_raw/P19606_330_S21_L002_R2_001.fastq.gz	results/mapping/bams/PI414.ilPolIcar1.1.vg.paired.rmdup.clip.bam
PI415	AHW3HFDSXY.2	UD252	ILLUMINA	../data/fastq_raw/P19606_331_S22_L002_R1_001.fastq.gz	../data/fastq_raw/P19606_331_S22_L002_R2_001.fastq.gz	results/mapping/bams/PI415.ilPolIcar1.1.vg.paired.rmdup.clip.bam
PI417	AHW3HFDSXY.2	UD253	ILLUMINA	../data/fastq_raw/P19606_332_S23_L002_R1_001.fastq.gz	../data/fastq_raw/P19606_332_S23_L002_R2_001.fastq.gz	results/mapping/bams/PI417.ilPolIcar1.1.vg.paired.rmdup.clip.bam
PI418	AHW3HFDSXY.2	UD254	ILLUMINA	../data/fastq_raw/P19606_333_S24_L002_R1_001.fastq.gz	../data/fastq_raw/P19606_333_S24_L002_R2_001.fastq.gz	results/mapping/bams/PI418.ilPolIcar1.1.vg.paired.rmdup.clip.bam
PI419	AHW3HFDSXY.2	UD255	ILLUMINA	../data/fastq_raw/P19606_334_S25_L002_R1_001.fastq.gz	../data/fastq_raw/P19606_334_S25_L002_R2_001.fastq.gz	results/mapping/bams/PI419.ilPolIcar1.1.vg.paired.rmdup.clip.bam
PI420	AHW3HFDSXY.2	UD256	ILLUMINA	../data/fastq_raw/P19606_335_S26_L002_R1_001.fastq.gz	../data/fastq_raw/P19606_335_S26_L002_R2_001.fastq.gz	results/mapping/bams/PI420.ilPolIcar1.1.vg.paired.rmdup.clip.bam
PI421	AHW3HFDSXY.2	UD257	ILLUMINA	../data/fastq_raw/P19606_336_S27_L002_R1_001.fastq.gz	../data/fastq_raw/P19606_336_S27_L002_R2_001.fastq.gz	results/mapping/bams/PI421.ilPolIcar1.1.vg.paired.rmdup.clip.bam
PI422	AHW3HFDSXY.2	UD258	ILLUMINA	../data/fastq_raw/P19606_337_S28_L002_R1_001.fastq.gz	../data/fastq_raw/P19606_337_S28_L002_R2_001.fastq.gz	results/mapping/bams/PI422.ilPolIcar1.1.vg.paired.rmdup.clip.bam
MZLULEP4538	AH5L5TDSX2.2	001089	ILLUMINA	../data/fastq_raw/P21013_1001_S8_L002_R1_001.fastq.gz	../data/fastq_raw/P21013_1001_S8_L002_R2_001.fastq.gz	results/mapping/bams/MZLULEP4538.ilPolIcar1.1.vg.merged.rmdup.bam
MZLULEP3661	AH5L5TDSX2.2	002090	ILLUMINA	../data/fastq_raw/P21013_1002_S9_L002_R1_001.fastq.gz	../data/fastq_raw/P21013_1002_S9_L002_R2_001.fastq.gz	results/mapping/bams/MZLULEP3661.ilPolIcar1.1.vg.merged.rmdup.bam
MZLULEP3679	AH5L5TDSX2.2	003091	ILLUMINA	../data/fastq_raw/P21013_1003_S10_L002_R1_001.fastq.gz	../data/fastq_raw/P21013_1003_S10_L002_R2_001.fastq.gz	results/mapping/bams/MZLULEP3679.ilPolIcar1.1.vg.merged.rmdup.bam
MZLULEP3088	AH5L5TDSX2.2	008096	ILLUMINA	../data/fastq_raw/P21013_1005_S12_L002_R1_001.fastq.gz	../data/fastq_raw/P21013_1005_S12_L002_R2_001.fastq.gz	results/mapping/bams/MZLULEP3088.ilPolIcar1.1.vg.merged.rmdup.bam
MZLULEP3328	AH5L5TDSX2.2	012100	ILLUMINA	../data/fastq_raw/P21013_1006_S13_L002_R1_001.fastq.gz	../data/fastq_raw/P21013_1006_S13_L002_R2_001.fastq.gz	results/mapping/bams/MZLULEP3328.ilPolIcar1.1.vg.merged.rmdup.bam
MZLULEP3029	AH5L5TDSX2.2	015092	ILLUMINA	../data/fastq_raw/P21013_1007_S14_L002_R1_001.fastq.gz	../data/fastq_raw/P21013_1007_S14_L002_R2_001.fastq.gz	results/mapping/bams/MZLULEP3029.ilPolIcar1.1.vg.merged.rmdup.bam
MZLULEP3668	AH5L5TDSX2.2	018106	ILLUMINA	../data/fastq_raw/P21013_1008_S15_L002_R1_001.fastq.gz	../data/fastq_raw/P21013_1008_S15_L002_R2_001.fastq.gz	results/mapping/bams/MZLULEP3668.ilPolIcar1.1.vg.merged.rmdup.bam
MZLULEP3086	AH5L5TDSX2.2	019107	ILLUMINA	../data/fastq_raw/P21013_1009_S16_L002_R1_001.fastq.gz	../data/fastq_raw/P21013_1009_S16_L002_R2_001.fastq.gz	results/mapping/bams/MZLULEP3086.ilPolIcar1.1.vg.merged.rmdup.bam
MZLULEP4316	AH5L5TDSX2.2	021130	ILLUMINA	../data/fastq_raw/P21013_1010_S17_L002_R1_001.fastq.gz	../data/fastq_raw/P21013_1010_S17_L002_R2_001.fastq.gz	results/mapping/bams/MZLULEP4316.ilPolIcar1.1.vg.merged.rmdup.bam
MZLULEP3656	AH5L5TDSX2.2	028116	ILLUMINA	../data/fastq_raw/P21013_1012_S19_L002_R1_001.fastq.gz	../data/fastq_raw/P21013_1012_S19_L002_R2_001.fastq.gz	results/mapping/bams/MZLULEP3656.ilPolIcar1.1.vg.merged.rmdup.bam
MZLULEP1824	AH5L5TDSX2.2	032120	ILLUMINA	../data/fastq_raw/P21013_1013_S20_L002_R1_001.fastq.gz	../data/fastq_raw/P21013_1013_S20_L002_R2_001.fastq.gz	results/mapping/bams/MZLULEP1824.ilPolIcar1.1.vg.merged.rmdup.bam
MZLULEP1709	AH5L5TDSX2.2	036137	ILLUMINA	../data/fastq_raw/P21013_1014_S21_L002_R1_001.fastq.gz	../data/fastq_raw/P21013_1014_S21_L002_R2_001.fastq.gz	results/mapping/bams/MZLULEP1709.ilPolIcar1.1.vg.merged.rmdup.bam
MZLULEP3256	AH5L5TDSX2.2	043143	ILLUMINA	../data/fastq_raw/P21013_1015_S22_L002_R1_001.fastq.gz	../data/fastq_raw/P21013_1015_S22_L002_R2_001.fastq.gz	results/mapping/bams/MZLULEP3256.ilPolIcar1.1.vg.merged.rmdup.bam
MZLULEP1710	AH5L5TDSX2.2	052142	ILLUMINA	../data/fastq_raw/P21013_1016_S23_L002_R1_001.fastq.gz	../data/fastq_raw/P21013_1016_S23_L002_R2_001.fastq.gz	results/mapping/bams/MZLULEP1710.ilPolIcar1.1.vg.merged.rmdup.bam
MZLULEP4555	AH5L5TDSX2.2	058135	ILLUMINA	../data/fastq_raw/P21013_1017_S24_L002_R1_001.fastq.gz	../data/fastq_raw/P21013_1017_S24_L002_R2_001.fastq.gz	results/mapping/bams/MZLULEP4555.ilPolIcar1.1.vg.merged.rmdup.bam
MZLULEP3026	AH5L5TDSX2.2	066149	ILLUMINA	../data/fastq_raw/P21013_1018_S25_L002_R1_001.fastq.gz	../data/fastq_raw/P21013_1018_S25_L002_R2_001.fastq.gz	results/mapping/bams/MZLULEP3026.ilPolIcar1.1.vg.merged.rmdup.bam
MZLULEP1911	AH5L5TDSX2.2	070144	ILLUMINA	../data/fastq_raw/P21013_1019_S26_L002_R1_001.fastq.gz	../data/fastq_raw/P21013_1019_S26_L002_R2_001.fastq.gz	results/mapping/bams/MZLULEP1911.ilPolIcar1.1.vg.merged.rmdup.bam
MZLULEP3266	AH5L5TDSX2.2	093148	ILLUMINA	../data/fastq_raw/P21013_1020_S27_L002_R1_001.fastq.gz	../data/fastq_raw/P21013_1020_S27_L002_R2_001.fastq.gz	results/mapping/bams/MZLULEP3266.ilPolIcar1.1.vg.merged.rmdup.bam
MZLULEP3149	AH5L5TDSX2.2	101132	ILLUMINA	../data/fastq_raw/P21013_1021_S28_L002_R1_001.fastq.gz	../data/fastq_raw/P21013_1021_S28_L002_R2_001.fastq.gz	results/mapping/bams/MZLULEP3149.ilPolIcar1.1.vg.merged.rmdup.bam
MZLULEP1903	AH5L5TDSX2.2	105145	ILLUMINA	../data/fastq_raw/P21013_1023_S30_L002_R1_001.fastq.gz	../data/fastq_raw/P21013_1023_S30_L002_R2_001.fastq.gz	results/mapping/bams/MZLULEP1903.ilPolIcar1.1.vg.merged.rmdup.bam
MZLULEP1661	AH5L5TDSX2.2	128146	ILLUMINA	../data/fastq_raw/P21013_1024_S31_L002_R1_001.fastq.gz	../data/fastq_raw/P21013_1024_S31_L002_R2_001.fastq.gz	results/mapping/bams/MZLULEP1661.ilPolIcar1.1.vg.merged.rmdup.bam
MZLULEP3133	AH5L5TDSX2.2	168133	ILLUMINA	../data/fastq_raw/P21013_1025_S32_L002_R1_001.fastq.gz	../data/fastq_raw/P21013_1025_S32_L002_R2_001.fastq.gz	results/mapping/bams/MZLULEP3133.ilPolIcar1.1.vg.merged.rmdup.bam
MZLULEP1748	AH5L5TDSX2.2	172131	ILLUMINA	../data/fastq_raw/P21013_1026_S33_L002_R1_001.fastq.gz	../data/fastq_raw/P21013_1026_S33_L002_R2_001.fastq.gz	results/mapping/bams/MZLULEP1748.ilPolIcar1.1.vg.merged.rmdup.bam
MZLULEP1730	AH5L5TDSX2.2	196124	ILLUMINA	../data/fastq_raw/P21013_1027_S34_L002_R1_001.fastq.gz	../data/fastq_raw/P21013_1027_S34_L002_R2_001.fastq.gz	results/mapping/bams/MZLULEP1730.ilPolIcar1.1.vg.merged.rmdup.bam
MZLULEP1724	AH5L5TDSX2.2	199127	ILLUMINA	../data/fastq_raw/P21013_1028_S35_L002_R1_001.fastq.gz	../data/fastq_raw/P21013_1028_S35_L002_R2_001.fastq.gz	results/mapping/bams/MZLULEP1724.ilPolIcar1.1.vg.merged.rmdup.bam
MZLULEP3313	AH5L5TDSX2.2	200129	ILLUMINA	../data/fastq_raw/P21013_1029_S36_L002_R1_001.fastq.gz	../data/fastq_raw/P21013_1029_S36_L002_R2_001.fastq.gz	results/mapping/bams/MZLULEP3313.ilPolIcar1.1.vg.merged.rmdup.bam
MZLULEP3259	AH5L5TDSX2.2	013134	ILLUMINA	../data/fastq_raw/P21013_1030_S37_L002_R1_001.fastq.gz	../data/fastq_raw/P21013_1030_S37_L002_R2_001.fastq.gz	results/mapping/bams/MZLULEP3259.ilPolIcar1.1.vg.merged.rmdup.bam
MZLULEP1868	AH5L5TDSX2.2	007095	ILLUMINA	../data/fastq_raw/P21013_1031_S38_L002_R1_001.fastq.gz	../data/fastq_raw/P21013_1031_S38_L002_R2_001.fastq.gz	results/mapping/bams/MZLULEP1868.ilPolIcar1.1.vg.merged.rmdup.bam
MZLU107426	AHW5NGDSX2.3	UDP0018	ILLUMINA	../data/fastq_raw/P23564_118_S27_L003_R1_001.fastq.gz	../data/fastq_raw/P23564_118_S27_L003_R2_001.fastq.gz	results/mapping/bams/MZLU107426.ilPleArgu1.3.vg.paired.rmdup.clip.bam
MZLU107434	AHW5NGDSX2.3	UDP0025	ILLUMINA	../data/fastq_raw/P23564_125_S34_L003_R1_001.fastq.gz	../data/fastq_raw/P23564_125_S34_L003_R2_001.fastq.gz	results/mapping/bams/MZLU107434.ilPleArgu1.3.vg.paired.rmdup.clip.bam
MZLU107435	AHW5NGDSX2.3	UDP0026	ILLUMINA	../data/fastq_raw/P23564_126_S35_L003_R1_001.fastq.gz	../data/fastq_raw/P23564_126_S35_L003_R2_001.fastq.gz	results/mapping/bams/MZLU107435.ilPleArgu1.3.vg.paired.rmdup.clip.bam
MZLU107436	AHW5NGDSX2.3	UDP0027	ILLUMINA	../data/fastq_raw/P23564_127_S36_L003_R1_001.fastq.gz	../data/fastq_raw/P23564_127_S36_L003_R2_001.fastq.gz	results/mapping/bams/MZLU107436.ilPleArgu1.3.vg.paired.rmdup.clip.bam
MZLU107438	AHW5NGDSX2.3	UDP0029	ILLUMINA	../data/fastq_raw/P23564_129_S38_L003_R1_001.fastq.gz	../data/fastq_raw/P23564_129_S38_L003_R2_001.fastq.gz	results/mapping/bams/MZLU107438.ilPleArgu1.3.vg.paired.rmdup.clip.bam
MZLU107439	AHW5NGDSX2.3	UDP0030	ILLUMINA	../data/fastq_raw/P23564_130_S39_L003_R1_001.fastq.gz	../data/fastq_raw/P23564_130_S39_L003_R2_001.fastq.gz	results/mapping/bams/MZLU107439.ilPleArgu1.3.vg.paired.rmdup.clip.bam
MZLU107441	AHW5NGDSX2.3	UDP0032	ILLUMINA	../data/fastq_raw/P23564_132_S41_L003_R1_001.fastq.gz	../data/fastq_raw/P23564_132_S41_L003_R2_001.fastq.gz	results/mapping/bams/MZLU107441.ilPleArgu1.3.vg.paired.rmdup.clip.bam
MZLU107443	AHW5NGDSX2.3	UDP0034	ILLUMINA	../data/fastq_raw/P23564_134_S43_L003_R1_001.fastq.gz	../data/fastq_raw/P23564_134_S43_L003_R2_001.fastq.gz	results/mapping/bams/MZLU107443.ilPleArgu1.3.vg.paired.rmdup.clip.bam
MZLU107445	AHW5NGDSX2.3	UDP0036	ILLUMINA	../data/fastq_raw/P23564_136_S45_L003_R1_001.fastq.gz	../data/fastq_raw/P23564_136_S45_L003_R2_001.fastq.gz	results/mapping/bams/MZLU107445.ilPleArgu1.3.vg.paired.rmdup.clip.bam
MZLU107449	AHW5NGDSX2.3	UDP0040	ILLUMINA	../data/fastq_raw/P23564_140_S49_L003_R1_001.fastq.gz	../data/fastq_raw/P23564_140_S49_L003_R2_001.fastq.gz	results/mapping/bams/MZLU107449.ilPleArgu1.3.vg.paired.rmdup.clip.bam
MZLU107451	AHW5NGDSX2.3	UDP0041	ILLUMINA	../data/fastq_raw/P23564_141_S50_L003_R1_001.fastq.gz	../data/fastq_raw/P23564_141_S50_L003_R2_001.fastq.gz	results/mapping/bams/MZLU107451.ilPleArgu1.3.vg.paired.rmdup.clip.bam
MZLU107468	AHW5NGDSX2.3	UDP0057	ILLUMINA	../data/fastq_raw/P23564_157_S66_L003_R1_001.fastq.gz	../data/fastq_raw/P23564_157_S66_L003_R2_001.fastq.gz	results/mapping/bams/MZLU107468.ilPleArgu1.3.vg.paired.rmdup.clip.bam
MZLU107469	AHW5NGDSX2.3	UDP0058	ILLUMINA	../data/fastq_raw/P23564_158_S67_L003_R1_001.fastq.gz	../data/fastq_raw/P23564_158_S67_L003_R2_001.fastq.gz	results/mapping/bams/MZLU107469.ilPleArgu1.3.vg.paired.rmdup.clip.bam
MZLU107470	AHW5NGDSX2.3	UDP0059	ILLUMINA	../data/fastq_raw/P23564_159_S68_L003_R1_001.fastq.gz	../data/fastq_raw/P23564_159_S68_L003_R2_001.fastq.gz	results/mapping/bams/MZLU107470.ilPleArgu1.3.vg.paired.rmdup.clip.bam
MZLU107471	AHW5NGDSX2.3	UDP0060	ILLUMINA	../data/fastq_raw/P23564_160_S69_L003_R1_001.fastq.gz	../data/fastq_raw/P23564_160_S69_L003_R2_001.fastq.gz	results/mapping/bams/MZLU107471.ilPleArgu1.3.vg.paired.rmdup.clip.bam
MZLU107475	AHW5NGDSX2.3	UDP0064	ILLUMINA	../data/fastq_raw/P23564_164_S73_L003_R1_001.fastq.gz	../data/fastq_raw/P23564_164_S73_L003_R2_001.fastq.gz	results/mapping/bams/MZLU107475.ilPleArgu1.3.vg.paired.rmdup.clip.bam
MZLU107477	AHW5NGDSX2.3	UDP0066	ILLUMINA	../data/fastq_raw/P23564_166_S75_L003_R1_001.fastq.gz	../data/fastq_raw/P23564_166_S75_L003_R2_001.fastq.gz	results/mapping/bams/MZLU107477.ilPleArgu1.3.vg.paired.rmdup.clip.bam
MZLU107480	AHW5NGDSX2.3	UDP0069	ILLUMINA	../data/fastq_raw/P23564_169_S78_L003_R1_001.fastq.gz	../data/fastq_raw/P23564_169_S78_L003_R2_001.fastq.gz	results/mapping/bams/MZLU107480.ilPleArgu1.3.vg.paired.rmdup.clip.bam
MZLU107483	AHW5NGDSX2.3	UDP0072	ILLUMINA	../data/fastq_raw/P23564_172_S81_L003_R1_001.fastq.gz	../data/fastq_raw/P23564_172_S81_L003_R2_001.fastq.gz	results/mapping/bams/MZLU107483.ilPleArgu1.3.vg.paired.rmdup.clip.bam
MZLU107486	AHW5NGDSX2.3	UDP0075	ILLUMINA	../data/fastq_raw/P23564_175_S84_L003_R1_001.fastq.gz	../data/fastq_raw/P23564_175_S84_L003_R2_001.fastq.gz	results/mapping/bams/MZLU107486.ilPleArgu1.3.vg.paired.rmdup.clip.bam
MZLU107487	AHW5NGDSX2.3	UDP0076	ILLUMINA	../data/fastq_raw/P23564_176_S85_L003_R1_001.fastq.gz	../data/fastq_raw/P23564_176_S85_L003_R2_001.fastq.gz	results/mapping/bams/MZLU107487.ilPleArgu1.3.vg.paired.rmdup.clip.bam
PLAR0200	BHVYLHDSX3.1	UDP0337	ILLUMINA	../data/fastq_raw/P27468_149_S49_L001_R1_001.fastq.gz	../data/fastq_raw/P27468_149_S49_L001_R2_001.fastq.gz	results/mapping/bams/PLAR0200.ilPleArgu1.3.vg.paired.rmdup.clip.bam
PLAR0202	BHVYLHDSX3.1	UDP0338	ILLUMINA	../data/fastq_raw/P27468_150_S50_L001_R1_001.fastq.gz	../data/fastq_raw/P27468_150_S50_L001_R2_001.fastq.gz	results/mapping/bams/PLAR0202.ilPleArgu1.3.vg.paired.rmdup.clip.bam
PLAR0203	BHVYLHDSX3.1	UDP0339	ILLUMINA	../data/fastq_raw/P27468_151_S51_L001_R1_001.fastq.gz	../data/fastq_raw/P27468_151_S51_L001_R2_001.fastq.gz	results/mapping/bams/PLAR0203.ilPleArgu1.3.vg.paired.rmdup.clip.bam
PLAR0208	BHVYLHDSX3.1	UDP0340	ILLUMINA	../data/fastq_raw/P27468_152_S52_L001_R1_001.fastq.gz	../data/fastq_raw/P27468_152_S52_L001_R2_001.fastq.gz	results/mapping/bams/PLAR0208.ilPleArgu1.3.vg.paired.rmdup.clip.bam
PLAR0211	BHVYLHDSX3.1	UDP0342	ILLUMINA	../data/fastq_raw/P27468_154_S54_L001_R1_001.fastq.gz	../data/fastq_raw/P27468_154_S54_L001_R2_001.fastq.gz	results/mapping/bams/PLAR0211.ilPleArgu1.3.vg.paired.rmdup.clip.bam
PLAR0217	BHVYLHDSX3.1	UDP0341	ILLUMINA	../data/fastq_raw/P27468_153_S53_L001_R1_001.fastq.gz	../data/fastq_raw/P27468_153_S53_L001_R2_001.fastq.gz	results/mapping/bams/PLAR0217.ilPleArgu1.3.vg.paired.rmdup.clip.bam
PLAR0222	BHVYLHDSX3.1	UDP0343	ILLUMINA	../data/fastq_raw/P27468_155_S55_L001_R1_001.fastq.gz	../data/fastq_raw/P27468_155_S55_L001_R2_001.fastq.gz	results/mapping/bams/PLAR0222.ilPleArgu1.3.vg.paired.rmdup.clip.bam
MZLU153040	BHVN22DSX2.2	030118	ILLUMINA	../data/fastq_raw/P23563_1001_S79_L002_R1_001.fastq.gz	../data/fastq_raw/P23563_1001_S79_L002_R2_001.fastq.gz	results/mapping/bams/MZLU153040.ilPleArgu1.3.vg.merged.rmdup.bam
MZLU153042	BHVN22DSX2.2	193121	ILLUMINA	../data/fastq_raw/P23563_1002_S80_L002_R1_001.fastq.gz	../data/fastq_raw/P23563_1002_S80_L002_R2_001.fastq.gz	results/mapping/bams/MZLU153042.ilPleArgu1.3.vg.merged.rmdup.bam
MZLU153045	BHVN22DSX2.2	194122	ILLUMINA	../data/fastq_raw/P23563_1003_S81_L002_R1_001.fastq.gz	../data/fastq_raw/P23563_1003_S81_L002_R2_001.fastq.gz	results/mapping/bams/MZLU153045.ilPleArgu1.3.vg.merged.rmdup.bam
MZLU153046	BHVN22DSX2.2	195123	ILLUMINA	../data/fastq_raw/P23563_1004_S82_L002_R1_001.fastq.gz	../data/fastq_raw/P23563_1004_S82_L002_R2_001.fastq.gz	results/mapping/bams/MZLU153046.ilPleArgu1.3.vg.merged.rmdup.bam
MZLU153048	BHVN22DSX2.2	172131	ILLUMINA	../data/fastq_raw/P23563_1041_S119_L002_R1_001.fastq.gz	../data/fastq_raw/P23563_1041_S119_L002_R2_001.fastq.gz	results/mapping/bams/MZLU153048.ilPleArgu1.3.vg.merged.rmdup.bam
MZLU153003	BHVN22DSX2.2	023158	ILLUMINA	../data/fastq_raw/P23563_1007_S85_L002_R1_001.fastq.gz	../data/fastq_raw/P23563_1007_S85_L002_R2_001.fastq.gz	results/mapping/bams/MZLU153003.ilPleArgu1.3.vg.merged.rmdup.bam
MZLU153166	BHVN22DSX2.2	201150	ILLUMINA	../data/fastq_raw/P23563_1008_S86_L002_R1_001.fastq.gz	../data/fastq_raw/P23563_1008_S86_L002_R2_001.fastq.gz	results/mapping/bams/MZLU153166.ilPleArgu1.3.vg.merged.rmdup.bam
MZLU153167	BHVN22DSX2.2	202183	ILLUMINA	../data/fastq_raw/P23563_1009_S87_L002_R1_001.fastq.gz	../data/fastq_raw/P23563_1009_S87_L002_R2_001.fastq.gz	results/mapping/bams/MZLU153167.ilPleArgu1.3.vg.merged.rmdup.bam
MZLU153168	BHVN22DSX2.2	205175	ILLUMINA	../data/fastq_raw/P23563_1012_S90_L002_R1_001.fastq.gz	../data/fastq_raw/P23563_1012_S90_L002_R2_001.fastq.gz	results/mapping/bams/MZLU153168.ilPleArgu1.3.vg.merged.rmdup.bam
MZLU153169	BHVN22DSX2.2	001089	ILLUMINA	../data/fastq_raw/P23563_1016_S94_L002_R1_001.fastq.gz	../data/fastq_raw/P23563_1016_S94_L002_R2_001.fastq.gz	results/mapping/bams/MZLU153169.ilPleArgu1.3.vg.merged.rmdup.bam
MZLU153170	BHVN22DSX2.2	012100	ILLUMINA	../data/fastq_raw/P23563_1021_S99_L002_R1_001.fastq.gz	../data/fastq_raw/P23563_1021_S99_L002_R2_001.fastq.gz	results/mapping/bams/MZLU153170.ilPleArgu1.3.vg.merged.rmdup.bam
MZLU152940	BHVN22DSX2.2	198126	ILLUMINA	../data/fastq_raw/P23563_1006_S84_L002_R1_001.fastq.gz	../data/fastq_raw/P23563_1006_S84_L002_R2_001.fastq.gz	results/mapping/bams/MZLU152940.ilPleArgu1.3.vg.merged.rmdup.bam
MZLU107454	AHW5NGDSX2.3	UDP0043	ILLUMINA	../data/fastq_raw/P23564_143_S52_L003_R1_001.fastq.gz	../data/fastq_raw/P23564_143_S52_L003_R2_001.fastq.gz	results/mapping/bams/MZLU107454.ilCyaSemi1.1.vg.paired.rmdup.clip.bam
MZLU107455	AHW5NGDSX2.3	UDP0044	ILLUMINA	../data/fastq_raw/P23564_144_S53_L003_R1_001.fastq.gz	../data/fastq_raw/P23564_144_S53_L003_R2_001.fastq.gz	results/mapping/bams/MZLU107455.ilCyaSemi1.1.vg.paired.rmdup.clip.bam
MZLU107456	AHW5NGDSX2.3	UDP0045	ILLUMINA	../data/fastq_raw/P23564_145_S54_L003_R1_001.fastq.gz	../data/fastq_raw/P23564_145_S54_L003_R2_001.fastq.gz	results/mapping/bams/MZLU107456.ilCyaSemi1.1.vg.paired.rmdup.clip.bam
MZLU107457	AHW5NGDSX2.3	UDP0046	ILLUMINA	../data/fastq_raw/P23564_146_S55_L003_R1_001.fastq.gz	../data/fastq_raw/P23564_146_S55_L003_R2_001.fastq.gz	results/mapping/bams/MZLU107457.ilCyaSemi1.1.vg.paired.rmdup.clip.bam
MZLU107458	AHW5NGDSX2.3	UDP0047	ILLUMINA	../data/fastq_raw/P23564_147_S56_L003_R1_001.fastq.gz	../data/fastq_raw/P23564_147_S56_L003_R2_001.fastq.gz	results/mapping/bams/MZLU107458.ilCyaSemi1.1.vg.paired.rmdup.clip.bam
MZLU107460	AHW5NGDSX2.3	UDP0049	ILLUMINA	../data/fastq_raw/P23564_149_S58_L003_R1_001.fastq.gz	../data/fastq_raw/P23564_149_S58_L003_R2_001.fastq.gz	results/mapping/bams/MZLU107460.ilCyaSemi1.1.vg.paired.rmdup.clip.bam
MZLU107461	AHW5NGDSX2.3	UDP0050	ILLUMINA	../data/fastq_raw/P23564_150_S59_L003_R1_001.fastq.gz	../data/fastq_raw/P23564_150_S59_L003_R2_001.fastq.gz	results/mapping/bams/MZLU107461.ilCyaSemi1.1.vg.paired.rmdup.clip.bam
MZLU107462	AHW5NGDSX2.3	UDP0051	ILLUMINA	../data/fastq_raw/P23564_151_S60_L003_R1_001.fastq.gz	../data/fastq_raw/P23564_151_S60_L003_R2_001.fastq.gz	results/mapping/bams/MZLU107462.ilCyaSemi1.1.vg.paired.rmdup.clip.bam
MZLU107463	AHW5NGDSX2.3	UDP0052	ILLUMINA	../data/fastq_raw/P23564_152_S61_L003_R1_001.fastq.gz	../data/fastq_raw/P23564_152_S61_L003_R2_001.fastq.gz	results/mapping/bams/MZLU107463.ilCyaSemi1.1.vg.paired.rmdup.clip.bam
MZLU107464	AHW5NGDSX2.3	UDP0053	ILLUMINA	../data/fastq_raw/P23564_153_S62_L003_R1_001.fastq.gz	../data/fastq_raw/P23564_153_S62_L003_R2_001.fastq.gz	results/mapping/bams/MZLU107464.ilCyaSemi1.1.vg.paired.rmdup.clip.bam
MZLU107465	AHW5NGDSX2.3	UDP0054	ILLUMINA	../data/fastq_raw/P23564_154_S63_L003_R1_001.fastq.gz	../data/fastq_raw/P23564_154_S63_L003_R2_001.fastq.gz	results/mapping/bams/MZLU107465.ilCyaSemi1.1.vg.paired.rmdup.clip.bam
MZLU107466	AHW5NGDSX2.3	UDP0055	ILLUMINA	../data/fastq_raw/P23564_155_S64_L003_R1_001.fastq.gz	../data/fastq_raw/P23564_155_S64_L003_R2_001.fastq.gz	results/mapping/bams/MZLU107466.ilCyaSemi1.1.vg.paired.rmdup.clip.bam
MZLU107497	AHW5NGDSX2.3	UDP0084	ILLUMINA	../data/fastq_raw/P23564_184_S93_L003_R1_001.fastq.gz	../data/fastq_raw/P23564_184_S93_L003_R2_001.fastq.gz	results/mapping/bams/MZLU107497.ilCyaSemi1.1.vg.paired.rmdup.clip.bam
MZLU107498	AHW5NGDSX2.3	UDP0085	ILLUMINA	../data/fastq_raw/P23564_185_S94_L003_R1_001.fastq.gz	../data/fastq_raw/P23564_185_S94_L003_R2_001.fastq.gz	results/mapping/bams/MZLU107498.ilCyaSemi1.1.vg.paired.rmdup.clip.bam
MZLU107499	AHW5NGDSX2.3	UDP0086	ILLUMINA	../data/fastq_raw/P23564_186_S95_L003_R1_001.fastq.gz	../data/fastq_raw/P23564_186_S95_L003_R2_001.fastq.gz	results/mapping/bams/MZLU107499.ilCyaSemi1.1.vg.paired.rmdup.clip.bam
MZLU107500	AHW5NGDSX2.3	UDP0087	ILLUMINA	../data/fastq_raw/P23564_187_S96_L003_R1_001.fastq.gz	../data/fastq_raw/P23564_187_S96_L003_R2_001.fastq.gz	results/mapping/bams/MZLU107500.ilCyaSemi1.1.vg.paired.rmdup.clip.bam
MZLU107501	AHW5NGDSX2.3	UDP0088	ILLUMINA	../data/fastq_raw/P23564_188_S97_L003_R1_001.fastq.gz	../data/fastq_raw/P23564_188_S97_L003_R2_001.fastq.gz	results/mapping/bams/MZLU107501.ilCyaSemi1.1.vg.paired.rmdup.clip.bam
MZLU107503	AHW5NGDSX2.3	UDP0090	ILLUMINA	../data/fastq_raw/P23564_190_S99_L003_R1_001.fastq.gz	../data/fastq_raw/P23564_190_S99_L003_R2_001.fastq.gz	results/mapping/bams/MZLU107503.ilCyaSemi1.1.vg.paired.rmdup.clip.bam
MZLU107504	AHW5NGDSX2.3	UDP0091	ILLUMINA	../data/fastq_raw/P23564_191_S100_L003_R1_001.fastq.gz	../data/fastq_raw/P23564_191_S100_L003_R2_001.fastq.gz	results/mapping/bams/MZLU107504.ilCyaSemi1.1.vg.paired.rmdup.clip.bam
MZLU107505	AHW5NGDSX2.3	UDP0092	ILLUMINA	../data/fastq_raw/P23564_192_S101_L003_R1_001.fastq.gz	../data/fastq_raw/P23564_192_S101_L003_R2_001.fastq.gz	results/mapping/bams/MZLU107505.ilCyaSemi1.1.vg.paired.rmdup.clip.bam
MZLU107506	AHW5NGDSX2.3	UDP0093	ILLUMINA	../data/fastq_raw/P23564_193_S102_L003_R1_001.fastq.gz	../data/fastq_raw/P23564_193_S102_L003_R2_001.fastq.gz	results/mapping/bams/MZLU107506.ilCyaSemi1.1.vg.paired.rmdup.clip.bam
MZLU107507	AHW5NGDSX2.3	UDP0094	ILLUMINA	../data/fastq_raw/P23564_194_S103_L003_R1_001.fastq.gz	../data/fastq_raw/P23564_194_S103_L003_R2_001.fastq.gz	results/mapping/bams/MZLU107507.ilCyaSemi1.1.vg.paired.rmdup.clip.bam
CYSE0078	BHVYLHDSX3.1	UDP0302	ILLUMINA	../data/fastq_raw/P27468_114_S14_L001_R1_001.fastq.gz	../data/fastq_raw/P27468_114_S14_L001_R2_001.fastq.gz	results/mapping/bams/CYSE0078.ilCyaSemi1.1.vg.paired.rmdup.clip.bam
CYSE0094	BHVYLHDSX3.1	UDP0304	ILLUMINA	../data/fastq_raw/P27468_116_S16_L001_R1_001.fastq.gz	../data/fastq_raw/P27468_116_S16_L001_R2_001.fastq.gz	results/mapping/bams/CYSE0094.ilCyaSemi1.1.vg.paired.rmdup.clip.bam
CYSE0096	BHVYLHDSX3.1	UDP0305	ILLUMINA	../data/fastq_raw/P27468_117_S17_L001_R1_001.fastq.gz	../data/fastq_raw/P27468_117_S17_L001_R2_001.fastq.gz	results/mapping/bams/CYSE0096.ilCyaSemi1.1.vg.paired.rmdup.clip.bam
CYSE0098	BHVYLHDSX3.1	UDP0306	ILLUMINA	../data/fastq_raw/P27468_118_S18_L001_R1_001.fastq.gz	../data/fastq_raw/P27468_118_S18_L001_R2_001.fastq.gz	results/mapping/bams/CYSE0098.ilCyaSemi1.1.vg.paired.rmdup.clip.bam
CYSE0116	BHVYLHDSX3.1	UDP0307	ILLUMINA	../data/fastq_raw/P27468_119_S19_L001_R1_001.fastq.gz	../data/fastq_raw/P27468_119_S19_L001_R2_001.fastq.gz	results/mapping/bams/CYSE0116.ilCyaSemi1.1.vg.paired.rmdup.clip.bam
CYSE0198	BHVYLHDSX3.1	UDP0308	ILLUMINA	../data/fastq_raw/P27468_120_S20_L001_R1_001.fastq.gz	../data/fastq_raw/P27468_120_S20_L001_R2_001.fastq.gz	results/mapping/bams/CYSE0198.ilCyaSemi1.1.vg.paired.rmdup.clip.bam
CYSE0199	BHVYLHDSX3.1	UDP0309	ILLUMINA	../data/fastq_raw/P27468_121_S21_L001_R1_001.fastq.gz	../data/fastq_raw/P27468_121_S21_L001_R2_001.fastq.gz	results/mapping/bams/CYSE0199.ilCyaSemi1.1.vg.paired.rmdup.clip.bam
MZLU153221	BHVN22DSX2.2	208188	ILLUMINA	../data/fastq_raw/P23563_1015_S93_L002_R1_001.fastq.gz	../data/fastq_raw/P23563_1015_S93_L002_R2_001.fastq.gz	results/mapping/bams/MZLU153221.ilCyaSemi1.1.vg.merged.rmdup.bam
MZLU152765	BHVN22DSX2.2	070144	ILLUMINA	../data/fastq_raw/P23563_1026_S104_L002_R1_001.fastq.gz	../data/fastq_raw/P23563_1026_S104_L002_R2_001.fastq.gz	results/mapping/bams/MZLU152765.ilCyaSemi1.1.vg.merged.rmdup.bam
MZLU152766	BHVN22DSX2.2	026114	ILLUMINA	../data/fastq_raw/P23563_1028_S106_L002_R1_001.fastq.gz	../data/fastq_raw/P23563_1028_S106_L002_R2_001.fastq.gz	results/mapping/bams/MZLU152766.ilCyaSemi1.1.vg.merged.rmdup.bam
MZLU153206	BHVN22DSX2.2	207139	ILLUMINA	../data/fastq_raw/P23563_1014_S92_L002_R1_001.fastq.gz	../data/fastq_raw/P23563_1014_S92_L002_R2_001.fastq.gz	results/mapping/bams/MZLU153206.ilCyaSemi1.1.vg.merged.rmdup.bam
MZLU153204	BHVN22DSX2.2	003091	ILLUMINA	../data/fastq_raw/P23563_1018_S96_L002_R1_001.fastq.gz	../data/fastq_raw/P23563_1018_S96_L002_R2_001.fastq.gz	results/mapping/bams/MZLU153204.ilCyaSemi1.1.vg.merged.rmdup.bam
MZLU153205	BHVN22DSX2.2	008096	ILLUMINA	../data/fastq_raw/P23563_1020_S98_L002_R1_001.fastq.gz	../data/fastq_raw/P23563_1020_S98_L002_R2_001.fastq.gz	results/mapping/bams/MZLU153205.ilCyaSemi1.1.vg.merged.rmdup.bam
MZLU152770	BHVN22DSX2.2	019107	ILLUMINA	../data/fastq_raw/P23563_1024_S102_L002_R1_001.fastq.gz	../data/fastq_raw/P23563_1024_S102_L002_R2_001.fastq.gz	results/mapping/bams/MZLU152770.ilCyaSemi1.1.vg.merged.rmdup.bam
MZLU153248	BHVN22DSX2.2	021130	ILLUMINA	../data/fastq_raw/P23563_1025_S103_L002_R1_001.fastq.gz	../data/fastq_raw/P23563_1025_S103_L002_R2_001.fastq.gz	results/mapping/bams/MZLU153248.ilCyaSemi1.1.vg.merged.rmdup.bam
MZLU153216	BHVN22DSX2.2	093148	ILLUMINA	../data/fastq_raw/P23563_1027_S105_L002_R1_001.fastq.gz	../data/fastq_raw/P23563_1027_S105_L002_R2_001.fastq.gz	results/mapping/bams/MZLU153216.ilCyaSemi1.1.vg.merged.rmdup.bam
MZLU153251	BHVN22DSX2.2	028116	ILLUMINA	../data/fastq_raw/P23563_1029_S107_L002_R1_001.fastq.gz	../data/fastq_raw/P23563_1029_S107_L002_R2_001.fastq.gz	results/mapping/bams/MZLU153251.ilCyaSemi1.1.vg.merged.rmdup.bam
MZLU152769	BHVN22DSX2.2	032120	ILLUMINA	../data/fastq_raw/P23563_1030_S108_L002_R1_001.fastq.gz	../data/fastq_raw/P23563_1030_S108_L002_R2_001.fastq.gz	results/mapping/bams/MZLU152769.ilCyaSemi1.1.vg.merged.rmdup.bam
MZLU153250	BHVN22DSX2.2	036137	ILLUMINA	../data/fastq_raw/P23563_1031_S109_L002_R1_001.fastq.gz	../data/fastq_raw/P23563_1031_S109_L002_R2_001.fastq.gz	results/mapping/bams/MZLU153250.ilCyaSemi1.1.vg.merged.rmdup.bam
MZLU153247	BHVN22DSX2.2	043143	ILLUMINA	../data/fastq_raw/P23563_1032_S110_L002_R1_001.fastq.gz	../data/fastq_raw/P23563_1032_S110_L002_R2_001.fastq.gz	results/mapping/bams/MZLU153247.ilCyaSemi1.1.vg.merged.rmdup.bam
MZLU153246	BHVN22DSX2.2	052142	ILLUMINA	../data/fastq_raw/P23563_1033_S111_L002_R1_001.fastq.gz	../data/fastq_raw/P23563_1033_S111_L002_R2_001.fastq.gz	results/mapping/bams/MZLU153246.ilCyaSemi1.1.vg.merged.rmdup.bam
PI033-fragmented	AHVF57DSXY.4	UD266	ILLUMINA	results/preprocessing/ngsngs/PI033/PI033-dam_R1.fq.gz	results/preprocessing/ngsngs/PI033/PI033-dam_R2.fq.gz	results/mapping/bams/PI033-fragmented.ilPolIcar1.1.vg.merged.rmdup.bam
PI034-fragmented	AHVF57DSXY.4	UD267	ILLUMINA	results/preprocessing/ngsngs/PI034/PI034-dam_R1.fq.gz	results/preprocessing/ngsngs/PI034/PI034-dam_R2.fq.gz	results/mapping/bams/PI034-fragmented.ilPolIcar1.1.vg.merged.rmdup.bam
PI035-fragmented	AHVF57DSXY.4	UD268	ILLUMINA	results/preprocessing/ngsngs/PI035/PI035-dam_R1.fq.gz	results/preprocessing/ngsngs/PI035/PI035-dam_R2.fq.gz	results/mapping/bams/PI035-fragmented.ilPolIcar1.1.vg.merged.rmdup.bam
PI036-fragmented	AHVF57DSXY.4	UD269	ILLUMINA	results/preprocessing/ngsngs/PI036/PI036-dam_R1.fq.gz	results/preprocessing/ngsngs/PI036/PI036-dam_R2.fq.gz	results/mapping/bams/PI036-fragmented.ilPolIcar1.1.vg.merged.rmdup.bam
PI205-fragmented	AHVF57DSXY.4	UD284	ILLUMINA	results/preprocessing/ngsngs/PI205/PI205-dam_R1.fq.gz	results/preprocessing/ngsngs/PI205/PI205-dam_R2.fq.gz	results/mapping/bams/PI205-fragmented.ilPolIcar1.1.vg.merged.rmdup.bam
PI206-fragmented	AHVF57DSXY.4	UD285	ILLUMINA	results/preprocessing/ngsngs/PI206/PI206-dam_R1.fq.gz	results/preprocessing/ngsngs/PI206/PI206-dam_R2.fq.gz	results/mapping/bams/PI206-fragmented.ilPolIcar1.1.vg.merged.rmdup.bam
PI207-fragmented	AHVF57DSXY.4	UD286	ILLUMINA	results/preprocessing/ngsngs/PI207/PI207-dam_R1.fq.gz	results/preprocessing/ngsngs/PI207/PI207-dam_R2.fq.gz	results/mapping/bams/PI207-fragmented.ilPolIcar1.1.vg.merged.rmdup.bam
PI208-fragmented	AHVF57DSXY.4	UD287	ILLUMINA	results/preprocessing/ngsngs/PI208/PI208-dam_R1.fq.gz	results/preprocessing/ngsngs/PI208/PI208-dam_R2.fq.gz	results/mapping/bams/PI208-fragmented.ilPolIcar1.1.vg.merged.rmdup.bam
PI419-fragmented	AHW3HFDSXY.2	UD255	ILLUMINA	results/preprocessing/ngsngs/PI419/PI419-dam_R1.fq.gz	results/preprocessing/ngsngs/PI419/PI419-dam_R2.fq.gz	results/mapping/bams/PI419-fragmented.ilPolIcar1.1.vg.merged.rmdup.bam
PI420-fragmented	AHW3HFDSXY.2	UD256	ILLUMINA	results/preprocessing/ngsngs/PI420/PI420-dam_R1.fq.gz	results/preprocessing/ngsngs/PI420/PI420-dam_R2.fq.gz	results/mapping/bams/PI420-fragmented.ilPolIcar1.1.vg.merged.rmdup.bam
PI421-fragmented	AHW3HFDSXY.2	UD257	ILLUMINA	results/preprocessing/ngsngs/PI421/PI421-dam_R1.fq.gz	results/preprocessing/ngsngs/PI421/PI421-dam_R2.fq.gz	results/mapping/bams/PI421-fragmented.ilPolIcar1.1.vg.merged.rmdup.bam
PI422-fragmented	AHW3HFDSXY.2	UD258	ILLUMINA	results/preprocessing/ngsngs/PI422/PI422-dam_R1.fq.gz	results/preprocessing/ngsngs/PI422/PI422-dam_R2.fq.gz	results/mapping/bams/PI422-fragmented.ilPolIcar1.1.vg.merged.rmdup.bam
MZLU166851	BHVN22DSX2.2	206174	ILLUMINA	../data/fastq_raw/P23563_1013_S91_L002_R1_001.fastq.gz	../data/fastq_raw/P23563_1013_S91_L002_R2_001.fastq.gz	results/mapping/bams/MZLU166851.ilAriAges2.1.vg.merged.rmdup.bam
MZLU107489	AHW5NGDSX2.3	UDP0078	ILLUMINA	../data/fastq_raw/P23564_178_S87_L003_R1_001.fastq.gz	../data/fastq_raw/P23564_178_S87_L003_R2_001.fastq.gz	results/mapping/bams/MZLU107489.ilAriAges2.1.vg.paired.rmdup.clip.bam
MZLU166853	BHVN22DSX2.2	006094	ILLUMINA	../data/fastq_raw/P23563_1019_S97_L002_R1_001.fastq.gz	../data/fastq_raw/P23563_1019_S97_L002_R2_001.fastq.gz	results/mapping/bams/MZLU166853.ilAgrOpti3.hap1.1.vg.merged.rmdup.bam
MZLU107492	AHW5NGDSX2.3	UDP0081	ILLUMINA	../data/fastq_raw/P23564_181_S90_L003_R1_001.fastq.gz	../data/fastq_raw/P23564_181_S90_L003_R2_001.fastq.gz	results/mapping/bams/MZLU107492.ilAgrOpti3.hap1.1.vg.paired.rmdup.clip.bam
CUMI0012	AHJ3LGDSX7.12	UDP0010	ILLUMINA	../data/fastq_raw/P29363_110_S10_L001_R1_001.fastq.gz	../data/fastq_raw/P29363_110_S10_L001_R2_001.fastq.gz	results/mapping/bams/CUMI0012.ilCupMini1.1.vg.paired.rmdup.clip.bam
MZLU166852	BHVN22DSX2.2	015092	ILLUMINA	../data/fastq_raw/P23563_1022_S100_L002_R1_001.fastq.gz	../data/fastq_raw/P23563_1022_S100_L002_R2_001.fastq.gz	results/mapping/bams/MZLU166852.ilCupMini1.1.vg.merged.rmdup.bam
EK001	BHVN22DSX2.2	EK001	ILLUMINA	../data/fastq_raw/P23563_1036_S114_L002_R1_001.fastq.gz	../data/fastq_raw/P23563_1036_S114_L002_R2_001.fastq.gz	results/mapping/bams/EK001.ilPleArgu1.3-pargyrognomon.vg.merged.rmdup.bam
EK006	BHVN22DSX2.2	EK006	ILLUMINA	../data/fastq_raw/P23563_1037_S115_L002_R1_001.fastq.gz	../data/fastq_raw/P23563_1037_S115_L002_R2_001.fastq.gz	results/mapping/bams/EK006.ilPleArgu1.3-pargyrognomon.vg.merged.rmdup.bam
MZLU174140	AH5L5TDSX2.2	011099	ILLUMINA	../data/fastq_raw/P21013_1036_S43_L002_R1_001.fastq.gz	../data/fastq_raw/P21013_1036_S43_L002_R2_001.fastq.gz	results/mapping/bams/MZLU174140.ilScoOrio1.hap1.1.vg.merged.rmdup.bam
MZLU174142	AH5L5TDSX2.2	025113	ILLUMINA	../data/fastq_raw/P21013_1042_S49_L002_R1_001.fastq.gz	../data/fastq_raw/P21013_1042_S49_L002_R2_001.fastq.gz	results/mapping/bams/MZLU174142.ilScoOrio1.hap1.1.vg.merged.rmdup.bam
